[{"id":"user-image-fd5b47e3c2ae4d5db76db89fda71467670e0faf3cf1d7f3e867efa5843db74b903b21cb223bb506da3f33cba3979114af813873a8441f46679a72a_1280.jpg","publicUrl":"np://user.desktop.nicepage.com/Site_665220099/images/fd5b47e3c2ae4d5db76db89fda71467670e0faf3cf1d7f3e867efa5843db74b903b21cb223bb506da3f33cba3979114af813873a8441f46679a72a_1280.jpg","size":294561,"hash":"eV9T6ZwgVUKfXNpn7N3jdYLgGjo=","fileName":"fd5b47e3c2ae4d5db76db89fda71467670e0faf3cf1d7f3e867efa5843db74b903b21cb223bb506da3f33cba3979114af813873a8441f46679a72a_1280.jpg","name":"fd5b47e3c2ae4d5db76db89fda71467670e0faf3cf1d7f3e867efa5843db74b903b21cb223bb506da3f33cba3979114af813873a8441f46679a72a_1280","width":1280,"height":853,"thumbnail":{"url":"np://user.desktop.nicepage.com/Site_665220099/images/thumbnails/fd5b47e3c2ae4d5db76db89fda71467670e0faf3cf1d7f3e867efa5843db74b903b21cb223bb506da3f33cba3979114af813873a8441f46679a72a_1280.jpg","width":250,"height":167},"folderId":null,"usages":["991023841"]},{"id":"user-image-VERLUX1.png","publicUrl":"np://user.desktop.nicepage.com/Site_665220099/images/VERLUX1.png","size":31030,"hash":"LSvrOjbGbAf/iENEvAhYl9Qh7JU=","fileName":"VERLUX1.png","name":"VERLUX1","width":500,"height":500,"thumbnail":{"url":"np://user.desktop.nicepage.com/Site_665220099/images/thumbnails/VERLUX1.png","width":250,"height":250},"folderId":null,"usages":["991023841"]},{"id":"user-image-28788633_02june22_megaphone_icon_02.png","publicUrl":"np://user.desktop.nicepage.com/Site_665220099/images/28788633_02june22_megaphone_icon_02.png","size":1118550,"hash":"NR44fxBJZ9rhoc6KHlFxToMzei0=","fileName":"28788633_02june22_megaphone_icon_02.png","name":"28788633_02june22_megaphone_icon_02","width":1300,"height":1454,"thumbnail":{"url":"np://user.desktop.nicepage.com/Site_665220099/images/thumbnails/28788633_02june22_megaphone_icon_02.png","width":224,"height":250},"folderId":null,"originalUrl":"https://assets.nicepagecdn.com/11a8ddce/4584696/images/28788633_02june22_megaphone_icon_02.png","usages":["991023841"]},{"id":"user-image-quotex-io-seeklogo.png","publicUrl":"np://user.desktop.nicepage.com/Site_665220099/images/quotex-io-seeklogo.png","size":53075,"hash":"qXwx5dr40YlU3YVFPv+yc7sEghg=","fileName":"quotex-io-seeklogo.png","name":"quotex-io-seeklogo","width":1731,"height":2000,"thumbnail":{"url":"np://user.desktop.nicepage.com/Site_665220099/images/thumbnails/quotex-io-seeklogo.png","width":216,"height":250},"folderId":null,"usages":["991023841"]},{"id":"user-image-fc3757570a560e1a16b798bf7c30f3f8735e35fd8f4e3a771ef4db2cbe6a3fd08de9c3a5e82034146f1d50ecf2c024866aceb77d58eacb3eb06e86_1280.png","publicUrl":"np://user.desktop.nicepage.com/Site_665220099/images/fc3757570a560e1a16b798bf7c30f3f8735e35fd8f4e3a771ef4db2cbe6a3fd08de9c3a5e82034146f1d50ecf2c024866aceb77d58eacb3eb06e86_1280.png","size":1288981,"hash":"gJdz59dE8pRPxPnLHtMX2qjmbG4=","fileName":"fc3757570a560e1a16b798bf7c30f3f8735e35fd8f4e3a771ef4db2cbe6a3fd08de9c3a5e82034146f1d50ecf2c024866aceb77d58eacb3eb06e86_1280.png","name":"fc3757570a560e1a16b798bf7c30f3f8735e35fd8f4e3a771ef4db2cbe6a3fd08de9c3a5e82034146f1d50ecf2c024866aceb77d58eacb3eb06e86_1280","width":1280,"height":960,"thumbnail":{"url":"np://user.desktop.nicepage.com/Site_665220099/images/thumbnails/fc3757570a560e1a16b798bf7c30f3f8735e35fd8f4e3a771ef4db2cbe6a3fd08de9c3a5e82034146f1d50ecf2c024866aceb77d58eacb3eb06e86_1280.png","width":250,"height":188},"folderId":null,"usages":["991023841"]},{"id":"user-image-58561f7fbd86d3ef31fa49efbd9d232f19b71a77d3de06c40698300ab523a51caaffd5fb51844f4b6b578f0e1a2e130e4bc0cf6fb11edcda85d574_1280.jpg","publicUrl":"np://user.desktop.nicepage.com/Site_665220099/images/58561f7fbd86d3ef31fa49efbd9d232f19b71a77d3de06c40698300ab523a51caaffd5fb51844f4b6b578f0e1a2e130e4bc0cf6fb11edcda85d574_1280.jpg","size":103519,"hash":"AN+NDJ+d+OqwVe1PF7uiOADV8BU=","fileName":"58561f7fbd86d3ef31fa49efbd9d232f19b71a77d3de06c40698300ab523a51caaffd5fb51844f4b6b578f0e1a2e130e4bc0cf6fb11edcda85d574_1280.jpg","name":"58561f7fbd86d3ef31fa49efbd9d232f19b71a77d3de06c40698300ab523a51caaffd5fb51844f4b6b578f0e1a2e130e4bc0cf6fb11edcda85d574_1280","width":1280,"height":853,"thumbnail":{"url":"np://user.desktop.nicepage.com/Site_665220099/images/thumbnails/58561f7fbd86d3ef31fa49efbd9d232f19b71a77d3de06c40698300ab523a51caaffd5fb51844f4b6b578f0e1a2e130e4bc0cf6fb11edcda85d574_1280.jpg","width":250,"height":167},"folderId":null,"usages":["991023841"]},{"id":"user-image-7fe30753ef853f7884365d579685ca815fb42b75291cb031fbe77b1165c68e8815032952c27a4429de8e958abd0d59151785f04a2219b8d5efe08f_1280.jpg","publicUrl":"np://user.desktop.nicepage.com/Site_665220099/images/7fe30753ef853f7884365d579685ca815fb42b75291cb031fbe77b1165c68e8815032952c27a4429de8e958abd0d59151785f04a2219b8d5efe08f_1280.jpg","size":143160,"hash":"kSZI39a76uzdxOu0uZYV6c2BBKc=","fileName":"7fe30753ef853f7884365d579685ca815fb42b75291cb031fbe77b1165c68e8815032952c27a4429de8e958abd0d59151785f04a2219b8d5efe08f_1280.jpg","name":"7fe30753ef853f7884365d579685ca815fb42b75291cb031fbe77b1165c68e8815032952c27a4429de8e958abd0d59151785f04a2219b8d5efe08f_1280","width":1280,"height":853,"thumbnail":{"url":"np://user.desktop.nicepage.com/Site_665220099/images/thumbnails/7fe30753ef853f7884365d579685ca815fb42b75291cb031fbe77b1165c68e8815032952c27a4429de8e958abd0d59151785f04a2219b8d5efe08f_1280.jpg","width":250,"height":167},"folderId":null,"usages":["991023841"]},{"id":"user-image-aaaa-min.png","publicUrl":"np://user.desktop.nicepage.com/Site_665220099/images/aaaa-min.png","size":131121,"hash":"AnI1ggT0/kyVRspqM/IDQsKRLek=","fileName":"aaaa-min.png","name":"aaaa-min","width":1254,"height":910,"thumbnail":{"url":"np://user.desktop.nicepage.com/Site_665220099/images/thumbnails/aaaa-min.png","width":250,"height":181},"folderId":null,"originalUrl":"//images01.nicepage.com/c461c07a441a5d220e8feb1a/475fd113e8645520b3fbe830/aaaa-min.png","usages":["991023841"]},{"id":"user-image-vvv-min.png","publicUrl":"np://user.desktop.nicepage.com/Site_665220099/images/vvv-min.png","size":89985,"hash":"2SdW0x1o0qlhF/WKvyk8VtREVQQ=","fileName":"vvv-min.png","name":"vvv-min","width":1819,"height":1095,"thumbnail":{"url":"np://user.desktop.nicepage.com/Site_665220099/images/thumbnails/vvv-min.png","width":250,"height":150},"folderId":null,"originalUrl":"//images01.nicepage.com/c461c07a441a5d220e8feb1a/df6ba4fb94dc571bb6408119/vvv-min.png","usages":["991023841"]}]