[{"id":300320326,"title":"Blog Template","order":1,"templateKey":"blog","customTemplate":false,"customTemplateFilename":null,"pageLinks":[],"dateCreated":"2025-01-13T06:05:14.357Z","dateUpdated":"2025-01-13T06:05:17.072Z","folderId":null,"pageName":"Blog Template","serverPageId":null,"sectionCount":1,"status":2,"backwardUrl":null},{"id":37905919,"title":"Post Template","order":2,"templateKey":"post","customTemplate":false,"customTemplateFilename":null,"pageLinks":[],"dateCreated":"2025-01-13T06:05:14.558Z","dateUpdated":"2025-01-13T06:05:17.073Z","folderId":null,"pageName":"Post Template","serverPageId":null,"sectionCount":1,"status":2,"backwardUrl":null},{"id":2985030190,"title":"Product List Template","order":3,"templateKey":"products","customTemplate":false,"customTemplateFilename":null,"pageLinks":[],"dateCreated":"2025-01-13T06:05:14.815Z","dateUpdated":"2025-01-13T06:05:17.073Z","folderId":null,"pageName":"Product List Template","serverPageId":null,"sectionCount":1,"status":2,"backwardUrl":null},{"id":112381137,"title":"Product Details Template","order":4,"templateKey":"product","customTemplate":false,"customTemplateFilename":null,"pageLinks":[],"dateCreated":"2025-01-13T06:05:15.099Z","dateUpdated":"2025-01-13T06:05:17.073Z","folderId":null,"pageName":"Product Details Template","serverPageId":null,"sectionCount":1,"status":2,"backwardUrl":null},{"id":1141803431,"title":"Shopping Cart Template","order":5,"templateKey":"cart","customTemplate":false,"customTemplateFilename":null,"pageLinks":[],"dateCreated":"2025-01-13T06:05:15.333Z","dateUpdated":"2025-01-13T06:05:17.074Z","folderId":null,"pageName":"Shopping Cart Template","serverPageId":null,"sectionCount":1,"status":2,"backwardUrl":null},{"id":2082015318,"title":"Checkout Template","order":6,"templateKey":"checkout","customTemplate":false,"customTemplateFilename":null,"pageLinks":[],"dateCreated":"2025-01-13T06:05:15.652Z","dateUpdated":"2025-01-13T06:05:17.074Z","folderId":null,"pageName":"Checkout Template","serverPageId":null,"sectionCount":1,"status":2,"backwardUrl":null},{"id":1619328281,"title":"Login Template","order":7,"templateKey":"login","customTemplate":false,"customTemplateFilename":null,"pageLinks":[],"dateCreated":"2025-01-13T06:05:15.848Z","dateUpdated":"2025-01-13T09:52:48.587Z","folderId":null,"pageName":"Login Template","serverPageId":null,"sectionCount":1,"status":2,"backwardUrl":null},{"id":61545473,"title":"Search Page Template","order":8,"templateKey":"Search","customTemplate":false,"customTemplateFilename":null,"pageLinks":[],"dateCreated":"2025-01-13T06:05:15.993Z","dateUpdated":"2025-01-13T06:05:17.074Z","folderId":null,"pageName":"Search Page Template","serverPageId":null,"sectionCount":1,"status":2,"backwardUrl":null},{"id":540317717,"title":"Page Password Template","order":9,"templateKey":"password","customTemplate":false,"customTemplateFilename":null,"pageLinks":[],"dateCreated":"2025-01-13T06:05:16.158Z","dateUpdated":"2025-01-13T06:05:17.074Z","folderId":null,"pageName":"Page Password Template","serverPageId":null,"sectionCount":1,"status":2,"backwardUrl":null},{"id":663630417,"title":"404 Not Found Template","order":10,"templateKey":"404","customTemplate":false,"customTemplateFilename":null,"pageLinks":[],"dateCreated":"2025-01-13T06:05:16.286Z","dateUpdated":"2025-01-13T06:05:17.075Z","folderId":null,"pageName":"404 Not Found Template","serverPageId":null,"sectionCount":1,"status":2,"backwardUrl":null},{"id":788321358,"title":"Thank You Page Template","order":11,"templateKey":"ThankYou","customTemplate":false,"customTemplateFilename":null,"pageLinks":[],"dateCreated":"2025-01-13T06:05:16.397Z","dateUpdated":"2025-01-13T06:05:17.075Z","folderId":null,"pageName":"Thank You Page Template","serverPageId":null,"sectionCount":1,"status":2,"backwardUrl":null},{"id":991023841,"title":"Page 1","order":101,"templateKey":null,"customTemplate":false,"customTemplateFilename":null,"pageLinks":["1305528674","22465689"],"dateCreated":"2025-01-13T06:15:18.469Z","dateUpdated":"2025-01-18T10:01:44.657Z","folderId":null,"pageName":"Page 1_991023841","serverPageId":null,"sectionCount":8,"status":2,"backwardUrl":null},{"id":22465689,"title":"Terms and conditions","order":104,"templateKey":null,"customTemplate":false,"customTemplateFilename":null,"pageLinks":[],"dateCreated":"2025-01-15T09:34:17.611Z","dateUpdated":"2025-01-17T10:29:12.780Z","folderId":null,"pageName":"Terms and conditions_22465689","serverPageId":null,"sectionCount":1,"status":2,"backwardUrl":null},{"id":1305528674,"title":"learn","order":105,"templateKey":null,"customTemplate":false,"customTemplateFilename":null,"pageLinks":[],"dateCreated":"2025-01-18T09:41:05.263Z","dateUpdated":"2025-01-18T09:49:21.231Z","folderId":null,"pageName":"learn_1305528674","serverPageId":null,"sectionCount":1,"status":2,"backwardUrl":null}]